{"val_loss": 0.1213589683175087, "val_acc": 0.956250011920929}