{"val_loss": 0.12951859831809998, "val_acc": 0.9750000238418579}